ringmember_age_blocks,freq
13,7932
12,7715
15,7500
14,7325
11,6759
16,6499
17,5987
18,5707
62,5582
19,5292
20,5248
63,5016
21,4881
65,4827
64,4754
22,4681
66,4630
67,4528
23,4470
25,4365
61,4327
70,4285
71,4226
72,4223
69,4211
24,4191
68,4178
26,4128
28,4054
75,4035
74,4032
80,4018
73,4007
82,3952
27,3891
81,3889
78,3869
79,3862
76,3860
29,3836
83,3814
85,3799
77,3788
84,3771
87,3769
31,3710
88,3685
30,3670
32,3667
89,3629
86,3569
93,3482
91,3474
90,3474
92,3422
99,3413
96,3412
98,3367
38,3360
94,3357
95,3338
102,3318
97,3314
34,3293
33,3289
104,3283
101,3268
103,3251
100,3228
106,3224
108,3174
35,3168
117,3167
36,3152
107,3138
115,3127
39,3105
109,3105
105,3097
37,3088
114,3063
111,3011
118,3009
41,3001
40,2982
121,2974
110,2968
113,2961
42,2960
124,2959
127,2957
116,2938
125,2930
119,2926
120,2919
112,2915
122,2900
126,2860
123,2854
44,2850
45,2844
43,2836
129,2817
131,2782
146,2780
132,2770
138,2759
128,2751
139,2748
47,2745
134,2735
50,2734
46,2728
130,2719
136,2717
135,2707
137,2677
133,2675
154,2654
144,2648
147,2645
145,2643
141,2619
49,2616
142,2598
55,2597
48,2596
140,2596
149,2592
152,2592
143,2590
53,2578
161,2565
148,2555
54,2554
159,2554
153,2537
151,2536
56,2534
60,2530
58,2517
165,2511
52,2511
155,2506
156,2499
150,2499
51,2495
164,2489
57,2484
158,2483
162,2469
59,2447
157,2444
160,2436
166,2425
163,2412
170,2397
168,2381
169,2379
172,2339
167,2330
180,2327
177,2326
171,2320
178,2313
174,2277
176,2252
192,2248
179,2248
173,2243
181,2227
175,2217
184,2211
190,2211
185,2208
188,2203
198,2200
191,2180
182,2165
200,2159
186,2157
187,2138
183,2134
205,2122
189,2121
3,2120
201,2111
199,2104
196,2101
193,2090
220,2079
195,2077
203,2070
214,2067
207,2059
194,2044
215,2041
4,2032
197,2025
209,2013
202,2013
216,2008
211,2003
204,1998
225,1990
218,1988
210,1987
208,1981
213,1970
227,1967
217,1963
230,1960
231,1959
226,1952
232,1952
219,1950
206,1950
223,1949
246,1948
224,1917
221,1911
247,1902
240,1898
245,1898
234,1893
237,1886
222,1873
241,1858
228,1854
235,1853
229,1848
239,1844
249,1841
254,1840
212,1831
238,1820
248,1819
272,1815
244,1810
259,1810
6,1805
242,1802
233,1800
236,1798
5,1795
255,1780
279,1776
283,1773
268,1772
278,1770
8,1769
263,1769
277,1764
10,1757
267,1756
253,1754
264,1749
266,1749
262,1745
243,1744
256,1743
251,1737
257,1734
250,1733
252,1732
7,1727
260,1727
284,1722
265,1709
271,1709
280,1707
261,1707
281,1707
258,1695
273,1691
282,1690
269,1685
276,1669
270,1655
275,1637
292,1629
300,1623
285,1621
289,1615
338,1608
9,1602
299,1597
286,1590
291,1577
303,1577
287,1572
323,1568
305,1566
294,1563
301,1561
274,1561
325,1558
307,1551
288,1550
309,1549
304,1545
316,1544
298,1536
339,1535
313,1530
297,1529
290,1527
308,1525
310,1525
293,1524
302,1524
327,1522
306,1512
337,1512
296,1511
311,1507
312,1502
326,1499
330,1499
322,1484
328,1480
324,1479
321,1476
318,1474
335,1466
295,1460
314,1454
317,1452
333,1434
319,1433
336,1432
340,1430
342,1426
332,1421
315,1421
334,1418
354,1410
341,1404
372,1403
320,1403
343,1402
364,1397
345,1390
355,1386
331,1385
351,1383
387,1381
349,1380
356,1379
367,1366
376,1365
363,1359
353,1352
379,1337
365,1337
344,1326
329,1325
368,1325
348,1315
370,1311
386,1308
359,1307
350,1303
374,1301
352,1299
378,1289
398,1287
388,1287
357,1285
347,1282
382,1282
361,1278
385,1278
373,1276
360,1273
408,1273
410,1272
366,1271
381,1265
377,1262
375,1262
384,1259
380,1256
371,1255
403,1254
393,1254
346,1252
421,1248
358,1246
383,1244
392,1242
406,1240
400,1231
404,1228
389,1228
369,1226
402,1226
411,1226
405,1223
391,1219
390,1219
399,1216
394,1215
362,1212
396,1202
435,1200
431,1200
438,1197
401,1190
439,1185
424,1184
454,1181
433,1179
426,1179
407,1176
458,1164
419,1162
418,1158
429,1155
395,1153
397,1149
428,1148
420,1147
417,1142
436,1139
437,1139
447,1137
409,1136
452,1136
427,1134
414,1133
416,1133
460,1127
542,1126
443,1124
415,1124
480,1123
412,1121
467,1120
502,1118
468,1115
413,1114
481,1113
445,1112
464,1111
442,1107
444,1106
449,1106
434,1105
487,1105
453,1103
451,1101
425,1100
465,1098
430,1096
483,1095
511,1095
459,1092
450,1091
432,1090
499,1089
507,1088
462,1088
495,1087
461,1086
471,1084
423,1083
466,1083
470,1080
456,1080
455,1078
492,1075
448,1074
514,1074
441,1071
488,1069
505,1067
515,1066
482,1064
473,1064
498,1064
541,1064
490,1063
497,1062
527,1061
422,1056
457,1056
590,1055
530,1052
469,1050
508,1048
476,1046
587,1044
567,1042
510,1042
540,1041
506,1036
463,1034
477,1033
478,1032
491,1031
485,1026
563,1025
501,1024
551,1024
484,1023
504,1023
500,1022
521,1016
531,1014
479,1012
535,1011
529,1010
446,1008
519,1007
475,1006
474,1005
486,1002
489,1001
537,1001
565,999
550,999
503,998
493,997
538,997
545,996
554,995
532,993
440,991
509,990
512,990
528,989
534,985
522,985
553,985
516,982
472,982
518,981
525,972
588,971
547,971
520,970
555,968
559,968
566,964
494,961
526,960
536,959
624,957
570,956
607,955
546,954
539,953
517,952
533,952
560,951
572,949
543,949
496,947
571,945
561,945
558,942
576,942
591,940
513,936
548,935
593,932
594,932
586,932
523,932
584,932
556,931
596,931
552,929
600,927
569,926
614,925
727,924
557,922
577,917
524,915
575,914
549,914
598,913
655,910
592,909
583,909
564,908
573,908
578,907
604,906
704,906
653,906
629,905
723,902
544,902
656,902
626,901
657,900
602,899
580,899
582,896
637,895
615,893
729,893
634,893
603,892
640,891
585,891
568,890
606,889
688,889
631,888
612,886
650,886
722,885
728,885
699,883
695,882
574,882
627,882
646,879
619,879
638,878
597,878
685,877
579,876
730,875
643,874
608,874
700,872
609,870
680,869
601,868
599,867
581,867
625,865
611,865
595,864
674,864
628,864
589,863
668,863
660,863
654,862
649,862
679,861
562,860
652,858
610,857
613,857
690,856
724,854
630,853
621,852
726,851
623,851
709,851
633,851
662,850
661,849
725,849
715,849
710,847
693,846
635,846
644,844
705,843
694,842
692,839
648,836
620,836
647,835
687,835
703,834
684,832
677,832
735,830
759,829
686,826
706,825
616,825
663,824
617,824
675,823
701,822
664,822
605,820
746,818
659,817
665,816
666,815
672,815
702,814
717,814
673,814
645,813
698,810
691,810
641,810
667,809
764,806
642,804
748,803
721,801
731,798
622,797
651,797
738,795
658,795
618,795
669,795
737,794
689,794
682,793
636,793
707,792
639,791
749,790
711,790
632,789
732,789
743,788
744,786
733,784
753,783
739,783
678,781
745,781
671,780
754,780
716,779
741,778
676,777
683,777
714,777
742,775
670,775
720,774
736,772
774,772
681,769
708,766
696,766
697,764
713,755
747,755
760,754
757,750
767,749
775,742
718,742
750,738
763,736
776,735
793,732
779,732
740,732
765,730
712,725
755,721
758,721
719,718
772,712
798,709
751,708
768,701
766,699
800,698
769,697
777,694
811,694
801,693
807,691
761,689
734,689
756,689
762,686
787,686
789,684
773,684
805,684
784,680
817,679
786,679
794,679
752,678
795,675
796,668
781,666
799,665
803,664
770,663
818,663
783,660
827,656
797,655
810,653
812,649
771,646
778,645
782,638
785,636
788,636
858,634
826,634
802,628
819,628
847,627
809,627
813,625
886,625
865,616
790,615
792,613
804,611
815,611
825,610
849,610
828,609
889,608
859,608
853,607
829,606
860,604
833,603
780,601
834,599
836,598
864,598
791,593
830,593
878,593
872,593
855,592
893,590
806,590
843,588
863,587
862,585
814,585
838,584
846,583
856,583
841,583
839,581
861,581
822,579
832,579
887,577
871,576
868,576
842,575
850,570
831,569
867,568
816,568
821,566
925,562
808,562
896,562
824,558
844,557
854,557
848,554
897,554
890,551
857,549
910,548
866,548
879,546
840,546
882,546
837,546
944,545
820,544
877,542
895,542
1167,542
835,541
891,540
881,539
869,539
928,539
852,539
845,537
883,536
892,533
880,533
923,530
873,529
894,526
823,525
921,523
947,520
941,518
922,517
888,516
904,516
993,515
885,513
926,512
906,512
919,512
987,512
898,509
1028,509
909,507
960,507
899,507
954,505
912,503
924,499
980,498
914,497
937,497
901,496
916,495
884,494
900,494
851,494
870,494
942,493
1017,491
968,491
1035,489
908,489
965,489
976,489
946,488
917,488
918,488
913,487
952,486
973,484
935,484
934,484
1031,484
915,483
996,483
958,483
1023,483
940,482
950,482
876,482
1012,482
963,482
927,481
907,480
1010,480
1348,480
969,479
982,479
1164,478
1003,478
1069,478
991,478
905,478
998,477
967,475
1058,474
1026,474
932,474
920,474
1052,474
1046,473
1090,472
1037,472
875,472
959,472
933,471
975,470
1011,469
948,469
977,469
874,468
1032,468
961,468
1085,468
949,467
964,467
1082,467
903,467
1016,467
979,466
1018,466
1007,465
995,465
962,464
930,464
1001,464
970,464
929,463
911,462
1050,462
983,461
1070,461
1075,460
1108,460
1045,459
936,459
1000,458
1049,458
1005,457
943,456
984,455
988,455
1022,455
1034,454
902,454
957,454
974,453
1030,453
1039,452
1038,452
1089,451
1078,451
1067,451
992,450
945,450
1079,450
938,449
1054,449
931,449
999,448
1020,448
939,447
1134,447
1053,447
1163,446
1019,446
1044,445
1021,445
1071,445
997,445
1009,444
978,444
1106,444
985,443
994,443
1166,442
1008,442
1086,440
1029,440
1025,439
1048,439
972,438
1063,437
989,436
1084,435
1155,435
1088,435
953,435
1051,435
971,434
1077,433
1156,432
1099,432
1060,431
1101,431
1072,431
1074,431
1040,431
956,431
1015,430
951,430
966,430
1093,429
1033,428
1006,427
1024,427
955,427
1130,427
1316,425
1119,425
1386,425
1096,425
1027,424
1221,424
1395,423
1083,423
1461,423
1118,423
1159,423
1187,421
1042,420
1057,420
1073,420
1174,420
1081,419
1014,419
1080,419
1111,419
1113,419
1013,418
1100,418
1242,418
1162,418
1064,418
1165,417
1104,417
1146,417
1259,417
1004,417
1169,417
1349,416
1172,416
1121,416
1154,416
1002,415
1462,415
1065,415
1094,414
1107,414
1076,414
1125,414
1097,413
1112,413
1115,413
1116,412
1087,411
1041,411
1149,411
1218,410
1117,410
1291,410
1298,409
1068,409
1180,409
1102,409
1487,408
1262,408
1103,408
1132,408
1208,407
1222,407
1161,407
1109,407
1153,406
1231,406
986,406
1261,406
1061,406
1059,406
1126,406
1152,406
1367,404
1095,404
1157,403
1098,403
1173,402
1276,402
1062,402
1043,402
1352,401
1114,401
1436,401
1183,400
1202,399
1409,399
1285,399
1347,399
1481,399
1421,399
1047,398
981,398
1448,397
1192,396
1435,396
1216,395
1372,395
1120,395
1206,395
990,395
1254,395
1244,394
1160,394
1175,394
1346,393
1188,393
1416,393
1171,393
1145,392
1110,392
1168,392
1438,391
1151,391
1376,391
1255,391
1191,391
1239,390
1182,390
1123,390
1297,390
1339,390
1457,389
1056,389
1092,388
1246,388
1263,388
1203,388
1135,387
1219,387
1177,387
1150,387
1429,387
1365,387
1209,386
1139,386
1176,386
1170,386
1422,386
1390,385
1238,385
1105,385
1275,385
1408,384
1417,384
1143,384
1193,384
1494,384
1186,384
1250,384
1368,384
1342,383
1437,383
1181,383
1091,383
1234,383
1237,382
1190,382
1197,382
1066,382
1385,382
1378,382
1311,382
1201,381
1127,381
1178,381
1267,381
1281,381
1225,381
1430,381
1410,380
1294,380
1396,379
1185,379
1256,379
1253,379
1286,379
1384,379
1337,378
1357,378
1195,378
1310,378
1227,377
1374,377
1137,377
1292,377
1470,377
1144,376
1129,376
1142,376
1375,376
1240,376
1196,376
1136,376
1373,375
1220,375
1230,375
1453,375
1233,375
1485,374
1343,374
1212,374
1359,374
1251,373
1036,373
1232,373
1389,373
1466,373
1258,373
1210,372
1207,372
1243,372
1446,372
1433,372
1454,372
1412,372
1128,372
1459,371
1345,371
1471,371
1274,371
1147,371
1404,371
1381,371
1293,371
1478,371
1141,370
1124,370
1148,370
1465,370
1362,369
1226,369
1317,369
1306,369
1204,369
1158,369
1369,369
1273,368
1055,368
1415,368
1403,368
1248,367
1264,367
1424,367
1366,366
1249,365
1223,365
1460,365
1318,364
1236,364
1228,364
1315,364
1431,364
1354,363
1450,363
1387,363
1131,363
1314,362
1229,362
1265,362
1301,362
1371,362
1326,362
1443,362
1358,361
1399,361
1392,361
1304,361
1272,361
1440,361
1319,360
1420,360
1434,360
1418,360
1383,360
1472,360
1194,360
1441,359
1350,359
1432,359
1320,358
1444,358
1451,358
1486,357
1321,357
1449,357
1309,357
1279,356
1388,356
1205,356
1377,356
1402,355
1224,354
1133,354
1200,354
1456,354
1361,354
1332,354
1439,354
1322,354
1414,353
1247,353
1370,353
1356,353
1323,353
1299,352
1300,352
1495,351
1458,351
1260,351
1393,351
1397,351
1394,351
1398,351
1199,351
1277,351
1360,350
1490,350
1488,350
1217,350
1214,350
1282,349
1355,349
1407,349
1328,349
1235,348
1303,348
1467,348
1491,347
1198,347
1266,346
1296,346
1334,346
1313,345
1480,345
1324,345
1425,345
1455,344
1184,344
1280,344
1179,343
1295,343
1400,343
1340,343
1363,343
1215,343
1307,342
1278,342
1382,342
1479,342
1138,342
1351,342
1463,341
1308,341
1468,341
1257,341
1325,340
1419,339
1284,338
1269,338
1426,338
1423,337
1213,336
1428,336
1476,335
1411,335
1271,335
1268,334
1406,334
1469,334
1336,334
1140,334
1252,333
1335,333
1473,332
1452,332
1341,332
1475,332
1245,332
1464,332
1122,332
1289,332
1305,332
1333,332
1290,331
1338,331
1379,330
1241,330
1312,329
1445,329
1364,329
1496,328
1401,327
1353,327
1380,327
1330,327
1270,326
1329,326
1405,325
1427,325
1442,325
1483,325
1288,324
1482,323
1489,323
1211,322
1283,322
1413,321
1189,320
1477,320
1497,319
1327,317
1391,316
1287,315
1474,315
1500,314
1447,313
1302,312
1331,312
1344,300
1499,296
1498,293
1493,282
1484,281
1492,279
2,23
